{
  "Alphabet" : ["1", "2", "5", "S", "L", "s", "l", "d", "v", "c"],
  "Etats" : ["q0", "q10", "q20", "q30", "q40", "q50", "q60", "q70", "q80", "q90", "q100", "q1040", "q2050", "qS", "qL", "qF"],
  "EtatInitial" : "q0",
  "EtatsFinaux" : ["qF"],
  "Transitions" : [
    { "symbol" : "L", "ori" :  "q0", "dest" :  "q0"},
    {"symbol" : "S", "ori" :  "q0", "dest" :  "q0"},
    {"symbol" : "1", "ori" :  "q0", "dest" :  "q10"},
    {"symbol" : "2", "ori" :  "q0", "dest" :  "q20"},
    {"symbol" : "5", "ori" :  "q0", "dest" :  "q50"},
    {"symbol" : "S", "ori" :  "q10", "dest" :  "q10"},
    {"symbol" : "L", "ori" :  "q10", "dest" :  "q10"},
    {"symbol" : "2", "ori" :  "q10", "dest" :  "q30"},
    {"symbol" : "1", "ori" :  "q10", "dest" :  "q20"},
    {"symbol" : "5", "ori" :  "q10", "dest" :  "q60"},
    {"symbol" : "L", "ori" :  "q20", "dest" :  "q20"},
    {"symbol" : "S", "ori" :  "q20", "dest" :  "q20"},
    {"symbol" : "1", "ori" :  "q20", "dest" :  "q30"},
    {"symbol" : "2", "ori" :  "q20", "dest" :  "q40"},
    {"symbol" : "5", "ori" :  "q20", "dest" :  "q70"},
    {"symbol" : "L", "ori" :  "q30", "dest" :  "q30"},
    {"symbol" : "1", "ori" :  "q30", "dest" :  "q40"},
    {"symbol" : "2", "ori" :  "q30", "dest" :  "q50"},
    {"symbol" : "5", "ori" :  "q30", "dest" :  "q80"},
    {"symbol" : "S", "ori" :  "q30", "dest" :  "qS"},
    {"symbol" : "L", "ori" :  "q40", "dest" :  "q40"},
    {"symbol" : "1", "ori" :  "q40", "dest" :  "q50"},
    {"symbol" : "2", "ori" :  "q40", "dest" :  "q60"},
    {"symbol" : "5", "ori" :  "q40", "dest" :  "q90"},
    {"symbol" : "S", "ori" :  "q40", "dest" :  "q1040"},
    {"symbol" : "1", "ori" :  "q50", "dest" :  "q60"},
    {"symbol" : "2", "ori" :  "q50", "dest" :  "q70"},
    {"symbol" : "5", "ori" :  "q50", "dest" :  "q100"},
    {"symbol" : "S", "ori" :  "q50", "dest" :  "q2050"},
    {"symbol" : "L", "ori" :  "q50", "dest" :  "qL"},
    {"symbol" : "d", "ori" :  "q60", "dest" :  "q50"},
    {"symbol" : "v", "ori" :  "q70", "dest" :  "q50"},
    {"symbol" : "d", "ori" :  "q70", "dest" :  "q60"},
    {"symbol" : "d", "ori" :  "q80", "dest" :  "q70"},
    {"symbol" : "v", "ori" :  "q80", "dest" :  "q60"},
    {"symbol" : "v", "ori" :  "q90", "dest" :  "q70"},
    {"symbol" : "d", "ori" :  "q90", "dest" :  "q80"},
    {"symbol" : "c", "ori" :  "q100", "dest" :  "q50"},
    {"symbol" : "d", "ori" :  "q100", "dest" :  "q90"},
    {"symbol" : "v", "ori" :  "q100", "dest" :  "q90"},
    {"symbol" : "d", "ori" :  "q1040", "dest" :  "qS"},
    {"symbol" : "v", "ori" :  "q2050", "dest" :  "qS"},
    {"symbol" : "l", "ori" :  "qL", "dest" :  "qF"},
    {"symbol" : "s", "ori" :  "qS", "dest" :  "qF"}]
}